waypoint,order,source_candidate,grid_row,grid_column,x_m,y_m,yaw_rad,map_clearance_m
w1,1,1,9,16,0.349,-12.972,-0.471250,0.400
w2,2,2,9,17,1.240,-13.426,-0.471250,0.400
w3,3,3,9,18,2.131,-13.880,-0.471250,0.380
w4,4,4,9,19,3.022,-14.334,-0.471250,0.380
w5,5,5,9,23,6.586,-16.150,-0.149500,0.360
w6,6,15,10,26,9.713,-16.621,2.670342,0.709
w7,7,14,10,25,8.822,-16.167,2.670342,0.819
w8,8,13,10,24,7.931,-15.713,2.670342,0.759
w9,9,12,10,23,7.040,-15.259,2.670342,0.960
w10,10,11,10,22,6.149,-14.805,2.670342,1.258
w11,11,10,10,21,5.258,-14.351,2.670342,1.308
w12,12,9,10,20,4.367,-13.897,2.670342,1.148
w13,13,8,10,19,3.476,-13.443,2.670342,1.270
w14,14,7,10,18,2.585,-12.989,2.670342,1.318
w15,15,6,10,17,1.694,-12.535,1.099546,0.460
w16,16,16,11,17,2.148,-11.644,-0.471250,0.460
w17,17,17,11,18,3.039,-12.098,-0.471250,0.929
w18,18,18,11,19,3.930,-12.552,-0.471250,1.060
w19,19,19,11,20,4.821,-13.006,-0.471250,1.638
w20,20,20,11,21,5.712,-13.460,-0.471250,1.760
w21,21,21,11,22,6.603,-13.914,-0.471250,1.019
w22,22,22,11,23,7.494,-14.368,-0.471250,0.819
w23,23,23,11,24,8.385,-14.822,-0.471250,0.910
w24,24,24,11,25,9.276,-15.276,-0.471250,1.238
w25,25,25,11,26,10.167,-15.730,2.425364,0.799
w26,26,28,12,22,7.057,-13.023,2.670342,0.489
w27,27,27,12,21,6.166,-12.569,2.670342,1.478
w28,28,26,12,20,5.275,-12.115,1.099546,1.278
w29,29,29,13,20,5.729,-11.224,-0.471250,1.278
w30,30,30,13,21,6.620,-11.678,-0.471250,1.620
w31,31,31,13,22,7.511,-12.132,-0.471250,0.789
w32,32,32,13,23,8.402,-12.586,-0.471250,0.509
w33,33,33,13,24,9.293,-13.040,-0.471250,0.439
w34,34,34,13,25,10.184,-13.494,-0.471250,0.430
w35,35,35,13,26,11.075,-13.948,-0.471250,0.430
w36,36,36,13,27,11.966,-14.402,1.884944,0.430
w37,37,43,14,26,11.529,-13.057,2.670342,0.770
w38,38,42,14,25,10.638,-12.603,2.670342,0.780
w39,39,41,14,23,8.856,-11.695,2.670342,0.439
w40,40,40,14,22,7.965,-11.241,2.670342,1.428
w41,41,39,14,21,7.074,-10.787,2.670342,2.178
w42,42,38,14,20,6.183,-10.333,2.670342,1.319
w43,43,37,14,19,5.292,-9.879,0.314148,0.380
w44,44,44,15,20,6.637,-9.442,-0.471250,1.318
w45,45,45,15,21,7.528,-9.896,-0.471250,2.307
w46,46,46,15,22,8.419,-10.350,-0.471250,1.559
w47,47,47,15,23,9.310,-10.804,-0.471250,0.620
w48,48,48,15,24,10.201,-11.258,-0.471250,0.400
w49,49,49,15,25,11.092,-11.712,-0.471250,0.360
w50,50,50,15,26,11.983,-12.166,-0.471250,0.380
w51,51,51,15,27,12.874,-12.620,-0.471250,0.390
w52,52,52,15,28,13.765,-13.074,2.472947,0.380
w53,53,57,16,23,9.764,-9.913,2.670342,0.470
w54,54,56,16,22,8.873,-9.459,2.670342,1.458
w55,55,55,16,21,7.982,-9.005,2.670342,2.367
w56,56,54,16,20,7.091,-8.551,2.670342,1.379
w57,57,53,16,19,6.200,-8.097,1.099546,0.400
w58,58,58,17,19,6.654,-7.206,-0.471250,0.360
w59,59,59,17,20,7.545,-7.660,-0.471250,1.348
w60,60,60,17,21,8.436,-8.114,-0.471250,2.337
w61,61,61,17,22,9.327,-8.568,-0.471250,1.458
w62,62,62,17,23,10.218,-9.022,-0.007603,0.470
w63,63,69,18,25,12.454,-9.039,2.670342,0.600
w64,64,68,18,24,11.563,-8.585,2.670342,0.969
w65,65,67,18,23,10.672,-8.131,2.670342,1.010
w66,66,66,18,22,9.781,-7.677,2.670342,1.728
w67,67,65,18,21,8.890,-7.223,2.670342,2.357
w68,68,64,18,20,7.999,-6.769,2.670342,1.368
w69,69,63,18,19,7.108,-6.315,1.099546,0.430
w70,70,70,19,19,7.562,-5.424,-0.471250,0.439
w71,71,71,19,20,8.453,-5.878,-0.471250,1.388
w72,72,72,19,21,9.344,-6.332,-0.471250,2.377
w73,73,73,19,22,10.235,-6.786,-0.471250,2.448
w74,74,74,19,23,11.126,-7.240,-0.471250,1.919
w75,75,75,19,24,12.017,-7.694,-0.471250,1.738
w76,76,76,19,25,12.908,-8.148,1.099546,0.749
w77,77,93,20,25,13.362,-7.257,2.670342,0.789
w78,78,92,20,24,12.471,-6.803,2.670342,1.778
w79,79,91,20,23,11.580,-6.349,2.670342,1.749
w80,80,90,20,22,10.689,-5.895,2.670342,2.078
w81,81,89,20,21,9.798,-5.441,2.670342,2.199
w82,82,88,20,20,8.907,-4.987,2.670342,1.589
w83,83,87,20,19,8.016,-4.533,2.670342,0.680
w84,84,86,20,18,7.125,-4.079,2.670342,0.430
w85,85,85,20,17,6.234,-3.625,2.670342,0.430
w86,86,84,20,16,5.343,-3.171,2.670342,0.439
w87,87,83,20,15,4.452,-2.717,2.670342,0.470
w88,88,82,20,14,3.561,-2.263,2.670342,0.489
w89,89,81,20,13,2.670,-1.809,2.670342,0.509
w90,90,80,20,12,1.779,-1.355,2.670342,0.489
w91,91,79,20,11,0.888,-0.901,2.670342,0.509
w92,92,78,20,10,-0.003,-0.447,2.670342,0.509
w93,93,77,20,9,-0.894,0.007,0.314148,0.650
w94,94,94,21,10,0.451,0.444,-0.471250,0.400
w95,95,95,21,11,1.342,-0.010,-0.471250,1.160
w96,96,96,21,12,2.233,-0.464,-0.471250,1.478
w97,97,97,21,13,3.124,-0.918,-0.471250,1.498
w98,98,98,21,14,4.015,-1.372,-0.471250,1.478
w99,99,99,21,15,4.906,-1.826,-0.471250,1.478
w100,100,100,21,16,5.797,-2.280,-0.471250,1.428
w101,101,101,21,17,6.688,-2.734,-0.471250,1.418
w102,102,102,21,18,7.579,-3.188,-0.471250,1.368
w103,103,103,21,19,8.470,-3.642,-0.471250,0.770
w104,104,104,21,20,9.361,-4.096,-0.471250,0.820
w105,105,105,21,21,10.252,-4.550,-0.471250,1.418
w106,106,106,21,22,11.143,-5.004,-0.471250,1.309
w107,107,107,21,23,12.034,-5.458,-0.471250,0.770
w108,108,108,21,24,12.925,-5.912,-0.471250,0.950
w109,109,109,21,25,13.816,-6.366,-0.471250,1.148
w110,110,110,21,26,14.707,-6.820,1.099546,0.689
w111,111,123,22,26,15.161,-5.929,2.670342,0.619
w112,112,122,22,25,14.270,-5.475,2.670342,0.659
w113,113,121,22,24,13.379,-5.021,2.670342,0.430
w114,114,120,22,22,11.597,-4.113,2.670342,0.909
w115,115,119,22,21,10.706,-3.659,2.670342,1.208
w116,116,118,22,18,8.033,-2.297,2.670342,1.089
w117,117,117,22,17,7.142,-1.843,2.670342,2.077
w118,118,116,22,16,6.251,-1.389,2.670342,2.377
w119,119,115,22,15,5.360,-0.935,2.670342,2.467
w120,120,114,22,14,4.469,-0.481,2.670342,2.467
w121,121,113,22,13,3.578,-0.027,2.670342,2.487
w122,122,112,22,12,2.687,0.427,2.670342,2.047
w123,123,111,22,11,1.796,0.881,1.099546,1.059
w124,124,124,23,11,2.250,1.772,-0.471250,0.829
w125,125,125,23,12,3.141,1.318,-0.471250,1.818
w126,126,126,23,13,4.032,0.864,-0.471250,2.686
w127,127,127,23,14,4.923,0.410,-0.471250,2.746
w128,128,128,23,15,5.814,-0.044,-0.471250,2.746
w129,129,129,23,16,6.705,-0.498,-0.471250,2.776
w130,130,130,23,17,7.596,-0.952,-0.471250,2.077
w131,131,131,23,18,8.487,-1.406,-0.471250,1.089
w132,132,132,23,21,11.160,-2.768,-0.471250,1.248
w133,133,133,23,22,12.051,-3.222,-0.471250,0.909
w134,134,134,23,24,13.833,-4.130,1.884944,0.439
w135,135,147,24,23,13.396,-2.785,2.670342,0.439
w136,136,146,24,22,12.505,-2.331,2.670342,1.189
w137,137,145,24,21,11.614,-1.877,2.670342,1.669
w138,138,144,24,20,10.723,-1.423,2.670342,1.050
w139,139,143,24,19,9.832,-0.969,2.670342,1.049
w140,140,142,24,18,8.941,-0.515,2.670342,1.488
w141,141,141,24,17,8.050,-0.061,2.670342,1.828
w142,142,140,24,16,7.159,0.393,2.670342,1.788
w143,143,139,24,15,6.268,0.847,2.670342,1.758
w144,144,138,24,14,5.377,1.301,2.670342,1.758
w145,145,137,24,13,4.486,1.755,2.670342,1.748
w146,146,136,24,12,3.595,2.209,2.670342,1.738
w147,147,135,24,11,2.704,2.663,1.884944,0.820
w148,148,148,25,10,2.267,4.008,-0.471250,0.380
w149,149,149,25,11,3.158,3.554,-0.471250,0.709
w150,150,150,25,12,4.049,3.100,-0.471250,0.749
w151,151,151,25,13,4.940,2.646,-0.471250,0.759
w152,152,152,25,14,5.831,2.192,-0.471250,0.769
w153,153,153,25,15,6.722,1.738,-0.471250,0.769
w154,154,154,25,16,7.613,1.284,-0.471250,0.799
w155,155,155,25,17,8.504,0.830,-0.471250,0.839
w156,156,156,25,18,9.395,0.376,-0.471250,0.839
w157,157,157,25,21,12.068,-0.986,-0.471250,0.929
w158,158,158,25,22,12.959,-1.440,-0.471250,0.979
w159,159,159,25,23,13.850,-1.894,-0.471250,0.400
